Dataset,p,d,q,AIC (treino),MSE resid treino
CALCE,0,1,1,-4183.7423,0.007779
OX,3,1,1,-4141.3883,0.007548
UL-PUR,0,1,2,-7964.1933,0.007829
SNL,0,1,1,-5878.701,0.006242
HNEI,0,1,1,-9937.368,0.00942
