Dataset,MSE ARIMA,MSE Proposto,MAE ARIMA,MAE Proposto,Ganho MSE (%),Ganho MAE (%)
CALCE,0.007146,0.007573,0.066373,0.068155,-5.98,-2.68
OX,0.006982,0.017368,0.066689,0.102772,-148.75,-54.11
UL-PUR,0.008217,0.008249,0.072233,0.072689,-0.39,-0.63
SNL,0.005199,0.005183,0.057654,0.057498,0.31,0.27
HNEI,0.009545,0.009541,0.077471,0.077303,0.04,0.22
