Dataset,MAE ARIMA,MAE Proposto,Ganho MAE (%)
CALCE,0.066373,0.068155,-2.68
OX,0.066689,0.102772,-54.11
UL-PUR,0.072233,0.072689,-0.63
SNL,0.057654,0.057498,0.27
HNEI,0.077471,0.077303,0.22
