Dataset,MSE ARIMA,MSE Proposto,Ganho MSE (%)
CALCE,0.007146,0.007573,-5.98
OX,0.006982,0.017368,-148.75
UL-PUR,0.008217,0.008249,-0.39
SNL,0.005199,0.005183,0.31
HNEI,0.009545,0.009541,0.04
