,CALCE,OX,UL-PUR,SNL,HNEI
ARIMA,0.007146,0.006982,0.008217,0.005199,0.009545
MLP,0.008768,0.011947,0.015738,0.011306,0.014115
SVR,0.008115,0.009028,0.012829,0.005968,0.01483
DTR,0.011801,0.027617,0.028293,0.024403,0.033797
ARIMA+MLP,0.007198,0.006996,0.008236,0.005169,0.009541
ARIMA+SVR,0.007146,0.006976,0.008221,0.005183,0.009528
"SVR(ARIMA,SVR)",0.00753,0.007032,0.008304,0.005201,0.009633
Proposto,0.007573,0.017368,0.008249,0.005183,0.009541
