,CALCE,OX,UL-PUR,SNL,HNEI
ARIMA,0.066373,0.066689,0.072233,0.057654,0.077471
MLP,0.073515,0.087882,0.103602,0.088078,0.094646
SVR,0.070632,0.075728,0.092021,0.06278,0.097411
DTR,0.0894,0.141142,0.143308,0.134502,0.158851
ARIMA+MLP,0.06654,0.06696,0.072342,0.057473,0.077303
ARIMA+SVR,0.066376,0.066798,0.072221,0.057498,0.077317
"SVR(ARIMA,SVR)",0.067955,0.066785,0.073029,0.057903,0.077991
Proposto,0.068155,0.102772,0.072689,0.057498,0.077303
