Dataset,NM Selecionado,MSE val MLP,MSE val DTR,MSE val SVR
CALCE,DTR,0.007752,0.007633,0.00766
OX,MLP,0.008322,0.008513,0.008354
UL-PUR,SVR,0.008491,0.008475,0.008453
SNL,SVR,0.00549,0.005564,0.005482
HNEI,MLP,0.009665,0.009752,0.00968
